observation_date,CPIAUCSL
1/1/1947,21.48
1/2/1947,21.62
1/3/1947,22
1/4/1947,22
1/5/1947,21.95
1/6/1947,22.08
1/7/1947,22.23
1/8/1947,22.4
1/9/1947,22.84
1/10/1947,22.91
1/11/1947,23.06
1/12/1947,23.41
1/1/1948,23.68
1/2/1948,23.67
1/3/1948,23.5
1/4/1948,23.82
1/5/1948,24.01
1/6/1948,24.15
1/7/1948,24.4
1/8/1948,24.43
1/9/1948,24.36
1/10/1948,24.31
1/11/1948,24.16
1/12/1948,24.05
1/1/1949,24.01
1/2/1949,23.91
1/3/1949,23.91
1/4/1949,23.92
1/5/1949,23.91
1/6/1949,23.92
1/7/1949,23.7
1/8/1949,23.7
1/9/1949,23.75
1/10/1949,23.67
1/11/1949,23.7
1/12/1949,23.61
1/1/1950,23.51
1/2/1950,23.61
1/3/1950,23.64
1/4/1950,23.65
1/5/1950,23.77
1/6/1950,23.88
1/7/1950,24.07
1/8/1950,24.2
1/9/1950,24.34
1/10/1950,24.5
1/11/1950,24.6
1/12/1950,24.98
1/1/1951,25.38
1/2/1951,25.83
1/3/1951,25.88
1/4/1951,25.92
1/5/1951,25.99
1/6/1951,25.93
1/7/1951,25.91
1/8/1951,25.86
1/9/1951,26.03
1/10/1951,26.16
1/11/1951,26.32
1/12/1951,26.47
1/1/1952,26.45
1/2/1952,26.41
1/3/1952,26.39
1/4/1952,26.46
1/5/1952,26.47
1/6/1952,26.53
1/7/1952,26.68
1/8/1952,26.69
1/9/1952,26.63
1/10/1952,26.69
1/11/1952,26.69
1/12/1952,26.71
1/1/1953,26.64
1/2/1953,26.59
1/3/1953,26.63
1/4/1953,26.69
1/5/1953,26.7
1/6/1953,26.77
1/7/1953,26.79
1/8/1953,26.85
1/9/1953,26.89
1/10/1953,26.95
1/11/1953,26.85
1/12/1953,26.87
1/1/1954,26.94
1/2/1954,26.99
1/3/1954,26.93
1/4/1954,26.86
1/5/1954,26.93
1/6/1954,26.94
1/7/1954,26.86
1/8/1954,26.85
1/9/1954,26.81
1/10/1954,26.72
1/11/1954,26.78
1/12/1954,26.77
1/1/1955,26.77
1/2/1955,26.82
1/3/1955,26.79
1/4/1955,26.79
1/5/1955,26.77
1/6/1955,26.71
1/7/1955,26.76
1/8/1955,26.72
1/9/1955,26.85
1/10/1955,26.82
1/11/1955,26.88
1/12/1955,26.87
1/1/1956,26.83
1/2/1956,26.86
1/3/1956,26.89
1/4/1956,26.93
1/5/1956,27.03
1/6/1956,27.15
1/7/1956,27.29
1/8/1956,27.31
1/9/1956,27.35
1/10/1956,27.51
1/11/1956,27.51
1/12/1956,27.63
1/1/1957,27.67
1/2/1957,27.8
1/3/1957,27.86
1/4/1957,27.93
1/5/1957,28
1/6/1957,28.11
1/7/1957,28.19
1/8/1957,28.28
1/9/1957,28.32
1/10/1957,28.32
1/11/1957,28.41
1/12/1957,28.47
1/1/1958,28.64
1/2/1958,28.7
1/3/1958,28.87
1/4/1958,28.94
1/5/1958,28.94
1/6/1958,28.91
1/7/1958,28.89
1/8/1958,28.94
1/9/1958,28.91
1/10/1958,28.91
1/11/1958,28.95
1/12/1958,28.97
1/1/1959,29.01
1/2/1959,29
1/3/1959,28.97
1/4/1959,28.98
1/5/1959,29.04
1/6/1959,29.11
1/7/1959,29.15
1/8/1959,29.18
1/9/1959,29.25
1/10/1959,29.35
1/11/1959,29.35
1/12/1959,29.41
1/1/1960,29.37
1/2/1960,29.41
1/3/1960,29.41
1/4/1960,29.54
1/5/1960,29.57
1/6/1960,29.61
1/7/1960,29.55
1/8/1960,29.61
1/9/1960,29.61
1/10/1960,29.75
1/11/1960,29.78
1/12/1960,29.81
1/1/1961,29.84
1/2/1961,29.84
1/3/1961,29.84
1/4/1961,29.81
1/5/1961,29.84
1/6/1961,29.84
1/7/1961,29.92
1/8/1961,29.94
1/9/1961,29.98
1/10/1961,29.98
1/11/1961,29.98
1/12/1961,30.01
1/1/1962,30.04
1/2/1962,30.11
1/3/1962,30.17
1/4/1962,30.21
1/5/1962,30.24
1/6/1962,30.21
1/7/1962,30.22
1/8/1962,30.28
1/9/1962,30.42
1/10/1962,30.38
1/11/1962,30.38
1/12/1962,30.38
1/1/1963,30.44
1/2/1963,30.48
1/3/1963,30.51
1/4/1963,30.48
1/5/1963,30.51
1/6/1963,30.61
1/7/1963,30.69
1/8/1963,30.75
1/9/1963,30.72
1/10/1963,30.75
1/11/1963,30.78
1/12/1963,30.88
1/1/1964,30.94
1/2/1964,30.91
1/3/1964,30.94
1/4/1964,30.95
1/5/1964,30.98
1/6/1964,31.01
1/7/1964,31.02
1/8/1964,31.05
1/9/1964,31.08
1/10/1964,31.12
1/11/1964,31.21
1/12/1964,31.25
1/1/1965,31.28
1/2/1965,31.28
1/3/1965,31.31
1/4/1965,31.38
1/5/1965,31.48
1/6/1965,31.61
1/7/1965,31.58
1/8/1965,31.55
1/9/1965,31.62
1/10/1965,31.65
1/11/1965,31.75
1/12/1965,31.85
1/1/1966,31.88
1/2/1966,32.08
1/3/1966,32.18
1/4/1966,32.28
1/5/1966,32.35
1/6/1966,32.38
1/7/1966,32.45
1/8/1966,32.65
1/9/1966,32.75
1/10/1966,32.85
1/11/1966,32.88
1/12/1966,32.92
1/1/1967,32.9
1/2/1967,33
1/3/1967,33
1/4/1967,33.1
1/5/1967,33.1
1/6/1967,33.3
1/7/1967,33.4
1/8/1967,33.5
1/9/1967,33.6
1/10/1967,33.7
1/11/1967,33.9
1/12/1967,34
1/1/1968,34.1
1/2/1968,34.2
1/3/1968,34.3
1/4/1968,34.4
1/5/1968,34.5
1/6/1968,34.7
1/7/1968,34.9
1/8/1968,35
1/9/1968,35.1
1/10/1968,35.3
1/11/1968,35.4
1/12/1968,35.6
1/1/1969,35.7
1/2/1969,35.8
1/3/1969,36.1
1/4/1969,36.3
1/5/1969,36.4
1/6/1969,36.6
1/7/1969,36.8
1/8/1969,36.9
1/9/1969,37.1
1/10/1969,37.3
1/11/1969,37.5
1/12/1969,37.7
1/1/1970,37.9
1/2/1970,38.1
1/3/1970,38.3
1/4/1970,38.5
1/5/1970,38.6
1/6/1970,38.8
1/7/1970,38.9
1/8/1970,39
1/9/1970,39.2
1/10/1970,39.4
1/11/1970,39.6
1/12/1970,39.8
1/1/1971,39.9
1/2/1971,39.9
1/3/1971,40
1/4/1971,40.1
1/5/1971,40.3
1/6/1971,40.5
1/7/1971,40.6
1/8/1971,40.7
1/9/1971,40.8
1/10/1971,40.9
1/11/1971,41
1/12/1971,41.1
1/1/1972,41.2
1/2/1972,41.4
1/3/1972,41.4
1/4/1972,41.5
1/5/1972,41.6
1/6/1972,41.7
1/7/1972,41.8
1/8/1972,41.9
1/9/1972,42.1
1/10/1972,42.2
1/11/1972,42.4
1/12/1972,42.5
1/1/1973,42.7
1/2/1973,43
1/3/1973,43.4
1/4/1973,43.7
1/5/1973,43.9
1/6/1973,44.2
1/7/1973,44.2
1/8/1973,45
1/9/1973,45.2
1/10/1973,45.6
1/11/1973,45.9
1/12/1973,46.3
1/1/1974,46.8
1/2/1974,47.3
1/3/1974,47.8
1/4/1974,48.1
1/5/1974,48.6
1/6/1974,49
1/7/1974,49.3
1/8/1974,49.9
1/9/1974,50.6
1/10/1974,51
1/11/1974,51.5
1/12/1974,51.9
1/1/1975,52.3
1/2/1975,52.6
1/3/1975,52.8
1/4/1975,53
1/5/1975,53.1
1/6/1975,53.5
1/7/1975,54
1/8/1975,54.2
1/9/1975,54.6
1/10/1975,54.9
1/11/1975,55.3
1/12/1975,55.6
1/1/1976,55.8
1/2/1976,55.9
1/3/1976,56
1/4/1976,56.1
1/5/1976,56.4
1/6/1976,56.7
1/7/1976,57
1/8/1976,57.3
1/9/1976,57.6
1/10/1976,57.9
1/11/1976,58.1
1/12/1976,58.4
1/1/1977,58.7
1/2/1977,59.3
1/3/1977,59.6
1/4/1977,60
1/5/1977,60.2
1/6/1977,60.5
1/7/1977,60.8
1/8/1977,61.1
1/9/1977,61.3
1/10/1977,61.6
1/11/1977,62
1/12/1977,62.3
1/1/1978,62.7
1/2/1978,63
1/3/1978,63.4
1/4/1978,63.9
1/5/1978,64.5
1/6/1978,65
1/7/1978,65.5
1/8/1978,65.9
1/9/1978,66.5
1/10/1978,67.1
1/11/1978,67.5
1/12/1978,67.9
1/1/1979,68.5
1/2/1979,69.2
1/3/1979,69.9
1/4/1979,70.6
1/5/1979,71.4
1/6/1979,72.2
1/7/1979,73
1/8/1979,73.7
1/9/1979,74.4
1/10/1979,75.2
1/11/1979,76
1/12/1979,76.9
1/1/1980,78
1/2/1980,79
1/3/1980,80.1
1/4/1980,80.9
1/5/1980,81.7
1/6/1980,82.5
1/7/1980,82.6
1/8/1980,83.2
1/9/1980,83.9
1/10/1980,84.7
1/11/1980,85.6
1/12/1980,86.4
1/1/1981,87.2
1/2/1981,88
1/3/1981,88.6
1/4/1981,89.1
1/5/1981,89.7
1/6/1981,90.5
1/7/1981,91.5
1/8/1981,92.2
1/9/1981,93.1
1/10/1981,93.4
1/11/1981,93.8
1/12/1981,94.1
1/1/1982,94.4
1/2/1982,94.7
1/3/1982,94.7
1/4/1982,95
1/5/1982,95.9
1/6/1982,97
1/7/1982,97.5
1/8/1982,97.7
1/9/1982,97.7
1/10/1982,98.1
1/11/1982,98
1/12/1982,97.7
1/1/1983,97.9
1/2/1983,98
1/3/1983,98.1
1/4/1983,98.8
1/5/1983,99.2
1/6/1983,99.4
1/7/1983,99.8
1/8/1983,100.1
1/9/1983,100.4
1/10/1983,100.8
1/11/1983,101.1
1/12/1983,101.4
1/1/1984,102.1
1/2/1984,102.6
1/3/1984,102.9
1/4/1984,103.3
1/5/1984,103.5
1/6/1984,103.7
1/7/1984,104.1
1/8/1984,104.4
1/9/1984,104.7
1/10/1984,105.1
1/11/1984,105.3
1/12/1984,105.5
1/1/1985,105.7
1/2/1985,106.3
1/3/1985,106.8
1/4/1985,107
1/5/1985,107.2
1/6/1985,107.5
1/7/1985,107.7
1/8/1985,107.9
1/9/1985,108.1
1/10/1985,108.5
1/11/1985,109
1/12/1985,109.5
1/1/1986,109.9
1/2/1986,109.7
1/3/1986,109.1
1/4/1986,108.7
1/5/1986,109
1/6/1986,109.4
1/7/1986,109.5
1/8/1986,109.6
1/9/1986,110
1/10/1986,110.2
1/11/1986,110.4
1/12/1986,110.8
1/1/1987,111.4
1/2/1987,111.8
1/3/1987,112.2
1/4/1987,112.7
1/5/1987,113
1/6/1987,113.5
1/7/1987,113.8
1/8/1987,114.3
1/9/1987,114.7
1/10/1987,115
1/11/1987,115.4
1/12/1987,115.6
1/1/1988,116
1/2/1988,116.2
1/3/1988,116.5
1/4/1988,117.2
1/5/1988,117.5
1/6/1988,118
1/7/1988,118.5
1/8/1988,119
1/9/1988,119.5
1/10/1988,119.9
1/11/1988,120.3
1/12/1988,120.7
1/1/1989,121.2
1/2/1989,121.6
1/3/1989,122.2
1/4/1989,123.1
1/5/1989,123.7
1/6/1989,124.1
1/7/1989,124.5
1/8/1989,124.5
1/9/1989,124.8
1/10/1989,125.4
1/11/1989,125.9
1/12/1989,126.3
1/1/1990,127.5
1/2/1990,128
1/3/1990,128.6
1/4/1990,128.9
1/5/1990,129.1
1/6/1990,129.9
1/7/1990,130.5
1/8/1990,131.6
1/9/1990,132.5
1/10/1990,133.4
1/11/1990,133.7
1/12/1990,134.2
1/1/1991,134.7
1/2/1991,134.8
1/3/1991,134.8
1/4/1991,135.1
1/5/1991,135.6
1/6/1991,136
1/7/1991,136.2
1/8/1991,136.6
1/9/1991,137
1/10/1991,137.2
1/11/1991,137.8
1/12/1991,138.2
1/1/1992,138.3
1/2/1992,138.6
1/3/1992,139.1
1/4/1992,139.4
1/5/1992,139.7
1/6/1992,140.1
1/7/1992,140.5
1/8/1992,140.8
1/9/1992,141.1
1/10/1992,141.7
1/11/1992,142.1
1/12/1992,142.3
1/1/1993,142.8
1/2/1993,143.1
1/3/1993,143.3
1/4/1993,143.8
1/5/1993,144.2
1/6/1993,144.3
1/7/1993,144.5
1/8/1993,144.8
1/9/1993,145
1/10/1993,145.6
1/11/1993,146
1/12/1993,146.3
1/1/1994,146.3
1/2/1994,146.7
1/3/1994,147.1
1/4/1994,147.2
1/5/1994,147.5
1/6/1994,147.9
1/7/1994,148.4
1/8/1994,149
1/9/1994,149.3
1/10/1994,149.4
1/11/1994,149.8
1/12/1994,150.1
1/1/1995,150.5
1/2/1995,150.9
1/3/1995,151.2
1/4/1995,151.8
1/5/1995,152.1
1/6/1995,152.4
1/7/1995,152.6
1/8/1995,152.9
1/9/1995,153.1
1/10/1995,153.5
1/11/1995,153.7
1/12/1995,153.9
1/1/1996,154.7
1/2/1996,155
1/3/1996,155.5
1/4/1996,156.1
1/5/1996,156.4
1/6/1996,156.7
1/7/1996,157
1/8/1996,157.2
1/9/1996,157.7
1/10/1996,158.2
1/11/1996,158.7
1/12/1996,159.1
1/1/1997,159.4
1/2/1997,159.7
1/3/1997,159.8
1/4/1997,159.9
1/5/1997,159.9
1/6/1997,160.2
1/7/1997,160.4
1/8/1997,160.8
1/9/1997,161.2
1/10/1997,161.5
1/11/1997,161.7
1/12/1997,161.8
1/1/1998,162
1/2/1998,162
1/3/1998,162
1/4/1998,162.2
1/5/1998,162.6
1/6/1998,162.8
1/7/1998,163.2
1/8/1998,163.4
1/9/1998,163.5
1/10/1998,163.9
1/11/1998,164.1
1/12/1998,164.4
1/1/1999,164.7
1/2/1999,164.7
1/3/1999,164.8
1/4/1999,165.9
1/5/1999,166
1/6/1999,166
1/7/1999,166.7
1/8/1999,167.1
1/9/1999,167.8
1/10/1999,168.1
1/11/1999,168.4
1/12/1999,168.8
1/1/2000,169.3
1/2/2000,170
1/3/2000,171
1/4/2000,170.9
1/5/2000,171.2
1/6/2000,172.2
1/7/2000,172.7
1/8/2000,172.7
1/9/2000,173.6
1/10/2000,173.9
1/11/2000,174.2
1/12/2000,174.6
1/1/2001,175.6
1/2/2001,176
1/3/2001,176.1
1/4/2001,176.4
1/5/2001,177.3
1/6/2001,177.7
1/7/2001,177.4
1/8/2001,177.4
1/9/2001,178.1
1/10/2001,177.6
1/11/2001,177.5
1/12/2001,177.4
1/1/2002,177.7
1/2/2002,178
1/3/2002,178.5
1/4/2002,179.3
1/5/2002,179.5
1/6/2002,179.6
1/7/2002,180
1/8/2002,180.5
1/9/2002,180.8
1/10/2002,181.2
1/11/2002,181.5
1/12/2002,181.8
1/1/2003,182.6
1/2/2003,183.6
1/3/2003,183.9
1/4/2003,183.2
1/5/2003,182.9
1/6/2003,183.1
1/7/2003,183.7
1/8/2003,184.5
1/9/2003,185.1
1/10/2003,184.9
1/11/2003,185
1/12/2003,185.5
1/1/2004,186.3
1/2/2004,186.7
1/3/2004,187.1
1/4/2004,187.4
1/5/2004,188.2
1/6/2004,188.9
1/7/2004,189.1
1/8/2004,189.2
1/9/2004,189.8
1/10/2004,190.8
1/11/2004,191.7
1/12/2004,191.7
1/1/2005,191.6
1/2/2005,192.4
1/3/2005,193.1
1/4/2005,193.7
1/5/2005,193.6
1/6/2005,193.7
1/7/2005,194.9
1/8/2005,196.1
1/9/2005,198.8
1/10/2005,199.1
1/11/2005,198.1
1/12/2005,198.1
1/1/2006,199.3
1/2/2006,199.4
1/3/2006,199.7
1/4/2006,200.7
1/5/2006,201.3
1/6/2006,201.8
1/7/2006,202.9
1/8/2006,203.8
1/9/2006,202.8
1/10/2006,201.9
1/11/2006,202
1/12/2006,203.1
1/1/2007,203.437
1/2/2007,204.226
1/3/2007,205.288
1/4/2007,205.904
1/5/2007,206.755
1/6/2007,207.234
1/7/2007,207.603
1/8/2007,207.667
1/9/2007,208.547
1/10/2007,209.19
1/11/2007,210.834
1/12/2007,211.445
1/1/2008,212.174
1/2/2008,212.687
1/3/2008,213.448
1/4/2008,213.942
1/5/2008,215.208
1/6/2008,217.463
1/7/2008,219.016
1/8/2008,218.69
1/9/2008,218.877
1/10/2008,216.995
1/11/2008,213.153
1/12/2008,211.398
1/1/2009,211.933
1/2/2009,212.705
1/3/2009,212.495
1/4/2009,212.709
1/5/2009,213.022
1/6/2009,214.79
1/7/2009,214.726
1/8/2009,215.445
1/9/2009,215.861
1/10/2009,216.509
1/11/2009,217.234
1/12/2009,217.347
1/1/2010,217.488
1/2/2010,217.281
1/3/2010,217.353
1/4/2010,217.403
1/5/2010,217.29
1/6/2010,217.199
1/7/2010,217.605
1/8/2010,217.923
1/9/2010,218.275
1/10/2010,219.035
1/11/2010,219.59
1/12/2010,220.472
1/1/2011,221.187
1/2/2011,221.898
1/3/2011,223.046
1/4/2011,224.093
1/5/2011,224.806
1/6/2011,224.806
1/7/2011,225.395
1/8/2011,226.106
1/9/2011,226.597
1/10/2011,226.75
1/11/2011,227.169
1/12/2011,227.223
1/1/2012,227.842
1/2/2012,228.329
1/3/2012,228.807
1/4/2012,229.187
1/5/2012,228.713
1/6/2012,228.524
1/7/2012,228.59
1/8/2012,229.918
1/9/2012,231.015
1/10/2012,231.638
1/11/2012,231.249
1/12/2012,231.221
1/1/2013,231.679
1/2/2013,232.937
1/3/2013,232.282
1/4/2013,231.797
1/5/2013,231.893
1/6/2013,232.445
1/7/2013,232.9
1/8/2013,233.456
1/9/2013,233.544
1/10/2013,233.669
1/11/2013,234.1
1/12/2013,234.719
1/1/2014,235.288
1/2/2014,235.547
1/3/2014,236.028
1/4/2014,236.468
1/5/2014,236.918
1/6/2014,237.231
1/7/2014,237.498
1/8/2014,237.46
1/9/2014,237.477
1/10/2014,237.43
1/11/2014,236.983
1/12/2014,236.252
1/1/2015,234.747
1/2/2015,235.342
1/3/2015,235.976
1/4/2015,236.222
1/5/2015,237.001
1/6/2015,237.657
1/7/2015,238.034
1/8/2015,238.033
1/9/2015,237.498
1/10/2015,237.733
1/11/2015,238.017
1/12/2015,237.761
1/1/2016,237.652
1/2/2016,237.336
1/3/2016,238.08
1/4/2016,238.992
1/5/2016,239.557
1/6/2016,240.222
1/7/2016,240.101
1/8/2016,240.545
1/9/2016,241.176
1/10/2016,241.741
1/11/2016,242.026
1/12/2016,242.637
1/1/2017,243.618
1/2/2017,244.006
1/3/2017,243.892
1/4/2017,244.193
1/5/2017,244.004
1/6/2017,244.163
1/7/2017,244.243
1/8/2017,245.183
1/9/2017,246.435
1/10/2017,246.626
1/11/2017,247.284
1/12/2017,247.805
1/1/2018,248.859
1/2/2018,249.529
1/3/2018,249.577
1/4/2018,250.227
1/5/2018,250.792
1/6/2018,251.018
1/7/2018,251.214
1/8/2018,251.663
1/9/2018,252.182
1/10/2018,252.772
1/11/2018,252.594
1/12/2018,252.767
1/1/2019,252.561
1/2/2019,253.319
1/3/2019,254.277
1/4/2019,255.233
1/5/2019,255.296
1/6/2019,255.213
1/7/2019,255.802
1/8/2019,256.036
1/9/2019,256.43
1/10/2019,257.155
1/11/2019,257.879
1/12/2019,258.63
1/1/2020,259.127
1/2/2020,259.25
1/3/2020,258.076
1/4/2020,256.032
1/5/2020,255.802
1/6/2020,257.042
1/7/2020,258.352
1/8/2020,259.316
1/9/2020,259.997
1/10/2020,260.319
1/11/2020,260.911
1/12/2020,262.045
1/1/2021,262.639
1/2/2021,263.573
1/3/2021,264.847
1/4/2021,266.625
1/5/2021,268.404
1/6/2021,270.71
1/7/2021,271.965
1/8/2021,272.752
1/9/2021,273.942
1/10/2021,276.528
1/11/2021,278.824
1/12/2021,280.806
1/1/2022,282.542
1/2/2022,284.525
1/3/2022,287.467
1/4/2022,288.582
1/5/2022,291.299
1/6/2022,295.072
1/7/2022,294.94
1/8/2022,295.162
1/9/2022,296.421
1/10/2022,297.979
1/11/2022,298.708
1/12/2022,298.808
1/1/2023,300.456
1/2/2023,301.476
1/3/2023,301.643
1/4/2023,302.858
1/5/2023,303.316
1/6/2023,304.099
1/7/2023,304.615
1/8/2023,306.138
1/9/2023,307.374
1/10/2023,307.653
1/11/2023,308.087
1/12/2023,308.735
1/1/2024,309.794
1/2/2024,311.022
1/3/2024,312.107
1/4/2024,313.016
1/5/2024,313.14
1/6/2024,313.131
1/7/2024,313.566
1/8/2024,314.131
1/9/2024,314.851
1/10/2024,315.564
1/11/2024,316.449
1/12/2024,317.603
1/1/2025,319.086
1/2/2025,319.775
1/3/2025,319.615
1/4/2025,320.321
