Date,Weekly Lower 48 States Natural Gas Working Underground Storage  (Billion Cubic Feet),Weekly Eastern Consuming Region Natural Gas Working Underground Storage  (Billion Cubic Feet),Weekly Western Consuming Region Natural Gas Working Underground Storage  (Billion Cubic Feet),Weekly Producing Region Natural Gas Working Underground Storage  (Billion Cubic Feet),Weekly Salt Producing Region Natural Gas Working Underground Storage  (Billion Cubic Feet),Weekly Nonsalt Producing Region Natural Gas Working Underground Storage  (Billion Cubic Feet),
31/12/1993,2322,1411,341,570,,,4644
7/1/1994,2186,1323,331,532,,,4372
14/1/1994,2019,1199,316,504,,,4038
21/1/1994,1782,1040,303,440,,,3565
28/1/1994,1662,958,290,414,,,3324
4/2/1994,1470,838,266,365,,,2939
11/2/1994,1303,728,246,330,,,2607
18/2/1994,1203,665,228,310,,,2406
25/2/1994,1149,627,212,309,,,2297
4/3/1994,1015,529,206,281,,,2031
11/3/1994,1004,531,201,271,,,2007
18/3/1994,952,462,205,284,,,1903
25/3/1994,965,461,202,303,,,1931
1/4/1994,953,465,201,287,,,1906
8/4/1994,969,475,201,293,,,1938
15/4/1994,1005,494,202,308,,,2009
22/4/1994,1085,541,210,334,,,2170
29/4/1994,1161,593,215,353,,,2322
6/5/1994,1237,636,225,376,,,2474
13/5/1994,1325,690,236,399,,,2650
20/5/1994,1403,731,242,429,,,2805
27/5/1994,1494,795,256,443,,,2988
3/6/1994,1601,860,266,475,,,3202
10/6/1994,1682,917,283,482,,,3364
17/6/1994,1754,968,283,504,,,3509
24/6/1994,1821,1022,290,509,,,3642
1/7/1994,1911,1099,295,518,,,3823
8/7/1994,1999,1146,305,549,,,3999
15/7/1994,2096,1215,312,569,,,4192
22/7/1994,2179,1272,320,586,,,4357
29/7/1994,2248,1325,325,598,,,4496
5/8/1994,2335,1385,329,621,,,4670
12/8/1994,2396,1426,334,637,,,4793
19/8/1994,2485,1494,338,652,,,4969
26/8/1994,2557,1546,345,666,,,5114
2/9/1994,2632,1594,353,686,,,5265
9/9/1994,2716,1645,370,701,,,5432
16/9/1994,2791,1687,385,719,,,5582
23/9/1994,2854,1732,387,735,,,5708
30/9/1994,2912,1776,388,748,,,5824
7/10/1994,2962,1802,395,765,,,5924
14/10/1994,2992,1822,398,773,,,5985
21/10/1994,3061,1878,404,778,,,6121
28/10/1994,3071,1881,407,782,,,6141
4/11/1994,3080,1891,404,785,,,6160
11/11/1994,3096,1896,405,795,,,6192
18/11/1994,3086,1887,398,801,,,6172
25/11/1994,3034,1851,390,793,,,6068
2/12/1994,2957,1809,380,769,,,5915
9/12/1994,2914,1786,367,762,,,5829
16/12/1994,2765,1700,345,720,,,5530
23/12/1994,2696,1648,348,700,,,5392
30/12/1994,2632,1606,346,680,,,5264
6/1/1995,2450,1492,320,637,,,4899
13/1/1995,2339,1407,316,616,,,4678
20/1/1995,2283,1383,303,597,,,4566
27/1/1995,2124,1264,290,569,,,4247
3/2/1995,1998,1171,289,538,,,3996
10/2/1995,1824,1033,285,506,,,3648
17/2/1995,1628,890,271,466,,,3255
24/2/1995,1604,863,274,466,,,3207
3/3/1995,1488,774,268,445,,,2975
10/3/1995,1347,699,261,387,,,2694
17/3/1995,1333,667,261,405,,,2666
24/3/1995,1362,690,257,415,,,2724
31/3/1995,1332,664,251,417,,,2664
7/4/1995,1293,623,255,415,,,2586
14/4/1995,1288,613,252,423,,,2576
21/4/1995,1325,635,244,446,,,2650
28/4/1995,1362,664,246,453,,,2725
5/5/1995,1405,690,250,466,,,2811
12/5/1995,1416,685,257,474,,,2832
19/5/1995,1526,774,267,485,,,3052
26/5/1995,1605,820,274,511,,,3210
2/6/1995,1698,865,288,544,,,3395
9/6/1995,1774,925,303,546,,,3548
16/6/1995,1863,980,314,569,,,3726
23/6/1995,1950,1031,324,594,,,3899
30/6/1995,2014,1086,328,600,,,4028
7/7/1995,2125,1152,346,626,,,4249
14/7/1995,2189,1199,354,636,,,4378
21/7/1995,2239,1240,359,639,,,4477
28/7/1995,2289,1286,362,640,,,4577
4/8/1995,2320,1320,363,638,,,4641
11/8/1995,2371,1366,365,640,,,4742
18/8/1995,2403,1401,368,634,,,4806
25/8/1995,2456,1447,372,637,,,4912
1/9/1995,2503,1494,373,635,,,5005
8/9/1995,2582,1550,377,654,,,5163
15/9/1995,2655,1598,386,672,,,5311
22/9/1995,2727,1646,391,690,,,5454
29/9/1995,2795,1683,398,714,,,5590
6/10/1995,2836,1723,397,716,,,5672
13/10/1995,2905,1766,404,735,,,5810
20/10/1995,2955,1792,410,753,,,5910
27/10/1995,2987,1809,412,766,,,5974
3/11/1995,3000,1813,419,768,,,6000
10/11/1995,2918,1758,407,753,,,5836
17/11/1995,2846,1695,420,732,,,5693
24/11/1995,2788,1650,419,719,,,5576
1/12/1995,2719,1601,420,698,,,5438
8/12/1995,2652,1556,412,684,,,5304
15/12/1995,2477,1427,404,646,,,4954
22/12/1995,2349,1351,393,605,,,4698
29/12/1995,2192,1258,370,564,,,4384
5/1/1996,2063,1176,359,527,,,4125
12/1/1996,1872,1050,347,474,,,3743
19/1/1996,1775,994,332,450,,,3551
26/1/1996,1618,908,304,406,,,3236
2/2/1996,1409,782,272,356,,,2819
9/2/1996,1191,630,264,297,,,2382
16/2/1996,1112,572,261,278,,,2223
23/2/1996,1061,532,256,272,,,2121
1/3/1996,1017,521,234,263,,,2035
8/3/1996,909,452,227,231,,,1819
15/3/1996,844,404,227,213,,,1688
22/3/1996,810,378,228,204,,,1620
29/3/1996,757,339,222,197,,,1515
5/4/1996,733,322,220,191,,,1466
12/4/1996,697,285,226,186,,,1394
19/4/1996,729,307,226,195,,,1457
26/4/1996,819,374,231,214,,,1638
3/5/1996,879,414,233,231,,,1757
10/5/1996,945,470,240,235,,,1890
17/5/1996,1000,503,249,248,,,2000
24/5/1996,1081,560,260,262,,,2163
31/5/1996,1161,612,269,280,,,2322
7/6/1996,1251,677,277,298,,,2503
14/6/1996,1338,744,279,315,,,2676
21/6/1996,1423,806,288,328,,,2845
28/6/1996,1507,872,298,337,,,3014
5/7/1996,1593,942,303,348,,,3186
12/7/1996,1684,1011,310,364,,,3369
19/7/1996,1770,1079,316,375,,,3540
26/7/1996,1844,1145,314,384,,,3687
2/8/1996,1921,1211,312,397,,,3841
9/8/1996,1996,1265,318,412,,,3991
16/8/1996,2083,1332,314,437,,,4166
23/8/1996,2146,1383,313,450,,,4292
30/8/1996,2232,1446,313,474,,,4465
6/9/1996,2326,1513,320,494,,,4653
13/9/1996,2406,1563,323,519,,,4811
20/9/1996,2490,1619,329,542,,,4980
27/9/1996,2568,1671,329,568,,,5136
4/10/1996,2659,1726,332,601,,,5318
11/10/1996,2697,1753,335,609,,,5394
18/10/1996,2755,1795,340,620,,,5510
25/10/1996,2788,1820,337,631,,,5576
1/11/1996,2816,1841,333,642,,,5632
8/11/1996,2802,1837,331,634,,,5604
15/11/1996,2721,1778,333,609,,,5441
22/11/1996,2659,1732,328,599,,,5318
29/11/1996,2559,1668,323,567,,,5117
6/12/1996,2490,1630,315,545,,,4980
13/12/1996,2439,1587,311,541,,,4878
20/12/1996,2310,1524,295,491,,,4620
27/12/1996,2180,1437,280,463,,,4360
3/1/1997,2176,1418,284,473,,,4351
10/1/1997,2065,1352,268,445,,,4130
17/1/1997,1805,1199,240,366,,,3610
24/1/1997,1658,1085,225,348,,,3316
31/1/1997,1496,965,216,315,,,2992
7/2/1997,1428,919,205,304,,,2856
14/2/1997,1277,820,191,266,,,2554
21/2/1997,1214,763,190,261,,,2428
28/2/1997,1139,711,179,249,,,2278
7/3/1997,1086,667,168,251,,,2172
14/3/1997,1039,610,166,263,,,2078
21/3/1997,977,541,168,268,,,1954
28/3/1997,977,515,171,291,,,1954
4/4/1997,1004,523,172,309,,,2008
11/4/1997,982,494,172,317,,,1965
18/4/1997,977,493,173,311,,,1954
25/4/1997,1008,509,179,320,,,2016
2/5/1997,1063,547,187,329,,,2126
9/5/1997,1133,588,198,347,,,2266
16/5/1997,1191,621,207,362,,,2381
23/5/1997,1263,666,218,379,,,2526
30/5/1997,1353,727,226,400,,,2706
6/6/1997,1443,786,237,419,,,2885
13/6/1997,1535,849,249,437,,,3070
20/6/1997,1627,912,258,457,,,3254
27/6/1997,1694,961,269,465,,,3389
4/7/1997,1785,1023,280,482,,,3570
11/7/1997,1869,1090,286,494,,,3739
18/7/1997,1921,1136,296,490,,,3843
25/7/1997,1976,1190,300,485,,,3951
1/8/1997,2024,1237,308,479,,,4048
8/8/1997,2102,1300,310,492,,,4204
15/8/1997,2169,1351,317,501,,,4338
22/8/1997,2232,1404,322,505,,,4463
29/8/1997,2312,1457,328,526,,,4623
5/9/1997,2402,1516,334,552,,,4804
12/9/1997,2484,1572,336,576,,,4968
19/9/1997,2549,1621,343,585,,,5098
26/9/1997,2628,1671,349,608,,,5256
3/10/1997,2711,1726,354,632,,,5423
10/10/1997,2792,1778,360,655,,,5585
17/10/1997,2858,1813,360,685,,,5716
24/10/1997,2889,1819,365,704,,,5777
31/10/1997,2886,1815,363,708,,,5772
7/11/1997,2903,1824,367,712,,,5806
14/11/1997,2847,1797,364,687,,,5695
21/11/1997,2746,1737,356,653,,,5492
28/11/1997,2717,1714,353,649,,,5433
5/12/1997,2649,1682,341,625,,,5297
12/12/1997,2509,1602,322,584,,,5017
19/12/1997,2371,1533,293,545,,,4742
26/12/1997,2271,1475,271,525,,,4542
2/1/1998,2140,1394,260,486,,,4280
9/1/1998,2111,1389,243,479,,,4222
16/1/1998,1957,1291,225,441,,,3914
23/1/1998,1823,1195,216,412,,,3646
30/1/1998,1724,1120,210,394,,,3448
6/2/1998,1643,1042,222,378,,,3285
13/2/1998,1554,986,198,370,,,3108
20/2/1998,1477,924,184,369,,,2954
27/2/1998,1434,884,165,385,,,2868
6/3/1998,1388,845,156,387,,,2776
13/3/1998,1239,744,148,346,,,2477
20/3/1998,1156,673,152,332,,,2313
27/3/1998,1138,635,156,346,,,2275
3/4/1998,1206,685,146,375,,,2412
10/4/1998,1218,686,143,390,,,2437
17/4/1998,1269,717,137,415,,,2538
24/4/1998,1326,747,147,433,,,2653
1/5/1998,1396,777,157,462,,,2792
8/5/1998,1490,832,170,488,,,2980
15/5/1998,1575,889,180,507,,,3151
22/5/1998,1658,942,190,526,,,3316
29/5/1998,1753,1002,203,548,,,3506
5/6/1998,1832,1057,215,561,,,3665
12/6/1998,1932,1118,231,583,,,3864
19/6/1998,2010,1174,240,595,,,4019
26/6/1998,2075,1219,250,606,,,4150
3/7/1998,2143,1268,258,617,,,4286
10/7/1998,2231,1323,268,640,,,4462
17/7/1998,2306,1376,270,659,,,4611
24/7/1998,2366,1422,276,668,,,4732
31/7/1998,2428,1461,281,685,,,4855
7/8/1998,2499,1509,287,703,,,4998
14/8/1998,2568,1547,292,729,,,5136
21/8/1998,2634,1592,300,742,,,5268
28/8/1998,2685,1629,306,751,,,5371
4/9/1998,2721,1665,308,749,,,5443
11/9/1998,2795,1710,319,766,,,5590
18/9/1998,2850,1743,331,777,,,5701
25/9/1998,2896,1775,337,784,,,5792
2/10/1998,2943,1805,349,789,,,5886
9/10/1998,2999,1838,355,806,,,5998
16/10/1998,3072,1870,361,840,,,6143
23/10/1998,3121,1884,370,867,,,6242
30/10/1998,3185,1917,378,889,,,6369
6/11/1998,3213,1909,390,915,,,6427
13/11/1998,3163,1891,382,891,,,6327
20/11/1998,3144,1878,383,883,,,6288
27/11/1998,3145,1870,389,886,,,6290
4/12/1998,3172,1888,388,896,,,6344
11/12/1998,3125,1871,375,878,,,6249
18/12/1998,3038,1813,369,855,,,6075
25/12/1998,2870,1715,336,818,,,5739
1/1/1999,2707,1615,330,762,,,5414
8/1/1999,2472,1455,315,701,,,4943
15/1/1999,2265,1312,305,648,,,4530
22/1/1999,2173,1243,300,630,,,4346
29/1/1999,2099,1197,284,618,,,4198
5/2/1999,2017,1138,274,605,,,4034
12/2/1999,1976,1103,256,616,,,3951
19/2/1999,1888,1033,249,607,,,3777
26/2/1999,1763,933,244,587,,,3527
5/3/1999,1689,867,242,580,,,3378
12/3/1999,1542,762,227,553,,,3084
19/3/1999,1446,695,220,531,,,2892
26/3/1999,1403,657,220,526,,,2806
2/4/1999,1407,659,214,534,,,2814
9/4/1999,1447,696,200,550,,,2893
16/4/1999,1452,699,195,558,,,2904
23/4/1999,1457,699,200,559,,,2915
30/4/1999,1495,722,204,569,,,2990
7/5/1999,1571,772,206,592,,,3141
14/5/1999,1651,818,216,617,,,3302
21/5/1999,1726,875,223,629,,,3453
28/5/1999,1796,917,233,646,,,3592
4/6/1999,1885,976,245,664,,,3770
11/6/1999,1941,1007,255,679,,,3882
18/6/1999,2020,1057,263,700,,,4040
25/6/1999,2106,1111,272,723,,,4212
2/7/1999,2169,1156,281,733,,,4339
9/7/1999,2228,1193,293,742,,,4456
16/7/1999,2308,1252,299,756,,,4615
23/7/1999,2348,1283,307,757,,,4695
30/7/1999,2373,1314,313,746,,,4746
6/8/1999,2414,1354,320,740,,,4828
13/8/1999,2461,1400,326,735,,,4922
20/8/1999,2508,1444,331,733,,,5016
27/8/1999,2575,1498,330,747,,,5150
3/9/1999,2638,1545,335,758,,,5276
10/9/1999,2718,1601,342,775,,,5436
17/9/1999,2794,1647,349,798,,,5588
24/9/1999,2871,1700,355,816,,,5742
1/10/1999,2933,1745,357,831,,,5866
8/10/1999,2989,1780,363,847,,,5979
15/10/1999,3038,1815,364,859,,,6076
22/10/1999,3058,1831,364,864,,,6117
29/10/1999,3068,1843,366,859,,,6136
5/11/1999,3088,1860,367,861,,,6176
12/11/1999,3105,1877,371,856,,,6209
19/11/1999,3090,1865,373,852,,,6180
26/11/1999,3103,1876,371,857,,,6207
3/12/1999,3035,1820,368,846,,,6069
10/12/1999,2962,1783,356,823,,,5924
17/12/1999,2843,1704,343,796,,,5686
24/12/1999,2663,1587,330,746,,,5326
31/12/1999,2523,1482,321,720,,,5046
7/1/2000,2418,1435,297,686,,,4836
14/1/2000,2310,1350,288,672,,,4620
21/1/2000,2109,1207,279,623,,,4218
28/1/2000,1856,1036,265,555,,,3712
4/2/2000,1647,910,256,482,,,3295
11/2/2000,1504,821,244,438,,,3007
18/2/2000,1377,733,232,411,,,2753
25/2/2000,1318,699,222,396,,,2635
3/3/2000,1288,676,214,397,,,2575
10/3/2000,1259,656,201,402,,,2518
17/3/2000,1192,608,192,392,,,2384
24/3/2000,1156,571,202,383,,,2312
31/3/2000,1153,567,205,382,,,2307
7/4/2000,1156,567,208,380,,,2311
14/4/2000,1123,535,213,374,,,2245
21/4/2000,1144,544,219,381,,,2288
28/4/2000,1182,569,225,388,,,2364
5/5/2000,1242,606,230,406,,,2484
12/5/2000,1283,647,234,403,,,2567
19/5/2000,1333,689,238,406,,,2666
26/5/2000,1382,727,242,414,,,2765
2/6/2000,1455,778,251,426,,,2910
9/6/2000,1532,830,255,447,,,3064
16/6/2000,1591,874,259,458,,,3182
23/6/2000,1657,921,266,469,,,3313
30/6/2000,1717,965,273,480,,,3435
7/7/2000,1812,1029,280,503,,,3624
14/7/2000,1875,1080,288,507,,,3750
21/7/2000,1921,1126,293,502,,,3842
28/7/2000,1978,1173,293,513,,,3957
4/8/2000,2036,1221,292,523,,,4072
11/8/2000,2080,1260,293,528,,,4161
18/8/2000,2127,1311,293,523,,,4254
25/8/2000,2171,1355,289,527,,,4342
1/9/2000,2205,1393,289,523,,,4410
8/9/2000,2274,1442,294,538,,,4548
15/9/2000,2338,1488,297,553,,,4676
22/9/2000,2412,1543,299,569,,,4823
29/9/2000,2486,1591,303,592,,,4972
6/10/2000,2547,1636,305,605,,,5093
13/10/2000,2574,1653,308,613,,,5148
20/10/2000,2644,1698,310,637,,,5289
27/10/2000,2713,1743,314,656,,,5426
3/11/2000,2748,1758,312,678,,,5496
10/11/2000,2744,1762,303,679,,,5488
17/11/2000,2654,1721,277,656,,,5308
24/11/2000,2506,1626,266,614,,,5012
1/12/2000,2434,1569,262,603,,,4868
8/12/2000,2287,1469,256,562,,,4574
15/12/2000,2140,1378,247,515,,,4280
22/12/2000,1973,1273,236,464,,,3946
29/12/2000,1765,1131,233,401,,,3530
5/1/2001,1611,1035,224,352,,,3222
12/1/2001,1525,975,212,338,,,3050
19/1/2001,1452,922,192,339,,,2905
26/1/2001,1333,825,175,333,,,2666
2/2/2001,1238,762,158,318,,,2476
9/2/2001,1151,707,143,301,,,2302
16/2/2001,1075,660,130,285,,,2150
23/2/2001,966,576,126,264,,,1932
2/3/2001,894,523,116,254,,,1787
9/3/2001,817,459,114,244,,,1634
16/3/2001,799,432,118,249,,,1598
23/3/2001,796,427,123,246,,,1592
30/3/2001,738,375,130,233,,,1476
6/4/2001,741,364,135,242,,,1482
13/4/2001,810,411,135,265,,,1621
20/4/2001,844,422,141,280,,,1687
27/4/2001,947,479,150,319,,,1895
4/5/2001,1054,540,160,354,,,2108
11/5/2001,1157,603,171,382,,,2313
18/5/2001,1267,666,183,418,,,2534
25/5/2001,1354,727,194,433,,,2708
1/6/2001,1457,790,209,458,,,2914
8/6/2001,1560,853,222,486,,,3121
15/6/2001,1664,911,235,517,,,3327
22/6/2001,1768,974,248,547,,,3537
29/6/2001,1867,1028,259,580,,,3734
6/7/2001,1974,1098,266,610,,,3948
13/7/2001,2075,1158,286,632,,,4151
20/7/2001,2152,1215,293,644,,,4304
27/7/2001,2220,1258,300,662,,,4440
3/8/2001,2295,1311,307,677,,,4590
10/8/2001,2341,1345,319,677,,,4682
17/8/2001,2426,1402,324,700,,,4852
24/8/2001,2500,1456,332,712,,,5000
31/8/2001,2576,1504,338,734,,,5152
7/9/2001,2673,1564,348,760,,,5345
14/9/2001,2764,1616,358,790,,,5528
21/9/2001,2857,1674,366,817,,,5714
28/9/2001,2925,1720,373,832,,,5850
5/10/2001,2998,1771,374,852,,,5995
12/10/2001,3068,1815,384,869,,,6136
19/10/2001,3100,1838,389,874,,,6201
26/10/2001,3132,1870,389,872,,,6263
2/11/2001,3152,1882,395,875,,,6304
9/11/2001,3187,1900,401,886,,,6374
16/11/2001,3220,1911,408,901,,,6440
23/11/2001,3250,1917,416,917,,,6500
30/11/2001,3254,1928,405,921,,,6508
7/12/2001,3238,1917,390,930,,,6475
14/12/2001,3195,1877,385,933,,,6390
21/12/2001,3115,1820,374,921,,,6230
28/12/2001,2989,1730,363,895,,,5977
4/1/2002,2790,1600,354,835,,,5579
11/1/2002,2648,1513,344,791,,,5296
18/1/2002,2522,1434,321,767,,,5044
25/1/2002,2410,1364,301,745,,,4820
1/2/2002,2332,1324,269,738,,,4663
8/2/2002,2160,1213,257,690,,,4320
15/2/2002,2036,1120,250,666,,,4072
22/2/2002,1962,1057,250,656,,,3925
1/3/2002,1819,971,242,606,,,3638
8/3/2002,1728,913,231,584,,,3456
15/3/2002,1636,854,220,562,,,3272
22/3/2002,1561,798,211,552,,,3122
29/3/2002,1500,739,215,546,,,3000
5/4/2002,1491,722,218,551,,,2982
12/4/2002,1506,721,225,560,,,3012
19/4/2002,1575,759,232,584,,,3150
26/4/2002,1606,771,239,596,,,3212
3/5/2002,1645,789,249,607,,,3290
10/5/2002,1707,825,254,628,,,3414
17/5/2002,1775,860,260,655,,,3550
24/5/2002,1847,896,268,683,,,3694
31/5/2002,1954,960,284,710,,,3908
7/6/2002,2042,1024,293,725,,,4084
14/6/2002,2123,1079,302,742,,,4246
21/6/2002,2218,1143,313,762,,,4436
28/6/2002,2286,1191,320,775,,,4572
5/7/2002,2353,1243,329,781,,,4706
12/7/2002,2422,1296,338,788,,,4844
19/7/2002,2486,1345,342,799,,,4972
26/7/2002,2534,1381,352,801,,,5068
2/8/2002,2567,1414,360,793,,,5134
9/8/2002,2620,1459,367,794,,,5240
16/8/2002,2657,1494,368,795,,,5314
23/8/2002,2716,1537,376,803,,,5432
30/8/2002,2781,1590,381,810,,,5562
6/9/2002,2855,1642,390,823,,,5710
13/9/2002,2924,1687,394,843,,,5848
20/9/2002,2990,1732,399,859,,,5980
27/9/2002,3038,1771,400,867,,,6076
4/10/2002,3080,1810,406,864,,,6160
11/10/2002,3128,1839,412,877,,,6256
18/10/2002,3161,1859,415,887,,,6322
25/10/2002,3172,1867,416,889,,,6344
1/11/2002,3145,1854,411,880,,,6290
8/11/2002,3097,1835,410,852,,,6194
15/11/2002,3096,1840,413,843,,,6192
22/11/2002,3047,1809,415,823,,,6094
29/11/2002,2956,1751,411,794,,,5912
6/12/2002,2794,1640,403,751,,,5588
13/12/2002,2635,1537,388,710,,,5270
20/12/2002,2540,1468,379,693,,,5080
27/12/2002,2417,1400,353,664,,,4834
3/1/2003,2331,1333,342,656,,,4662
10/1/2003,2195,1248,329,618,,,4390
17/1/2003,1976,1111,314,551,,,3952
24/1/2003,1729,946,296,487,,,3458
31/1/2003,1521,805,285,431,,,3042
7/2/2003,1371,716,268,387,,,2742
14/2/2003,1168,594,241,333,,,2336
21/2/2003,1014,499,224,291,,,2028
28/2/2003,838,403,198,237,,,1676
7/3/2003,736,343,179,214,,,1472
14/3/2003,654,280,172,202,,,1308
21/3/2003,660,289,167,204,,,1320
28/3/2003,696,317,167,212,,,1392
4/4/2003,688,311,167,210,,,1376
11/4/2003,642,277,167,198,,,1284
18/4/2003,702,313,174,215,,,1404
25/4/2003,754,344,180,230,,,1508
2/5/2003,836,392,192,252,,,1672
9/5/2003,900,438,198,264,,,1800
16/5/2003,990,496,206,288,,,1980
23/5/2003,1085,559,216,310,,,2170
30/5/2003,1199,629,226,344,,,2398
6/6/2003,1324,697,241,386,,,2648
13/6/2003,1438,769,254,415,,,2876
20/6/2003,1565,847,265,453,,,3130
27/6/2003,1662,907,274,481,,,3324
4/7/2003,1809,979,280,550,,,3618
11/7/2003,1904,1042,292,570,,,3808
18/7/2003,1981,1102,295,584,,,3962
25/7/2003,2062,1163,298,601,,,4124
1/8/2003,2138,1222,303,613,,,4276
8/8/2003,2222,1280,313,629,,,4444
15/8/2003,2299,1335,317,647,,,4598
22/8/2003,2352,1373,322,657,,,4704
29/8/2003,2419,1424,328,667,,,4838
5/9/2003,2518,1486,337,695,,,5036
12/9/2003,2619,1550,346,723,,,5238
19/9/2003,2719,1610,356,753,,,5438
26/9/2003,2820,1674,363,783,,,5640
3/10/2003,2904,1718,371,815,,,5808
10/10/2003,2981,1767,378,836,,,5962
17/10/2003,3066,1817,390,859,,,6132
24/10/2003,3121,1847,396,878,,,6242
31/10/2003,3155,1871,399,885,,,6310
7/11/2003,3187,1891,392,904,,,6374
14/11/2003,3155,1864,392,899,,,6310
21/11/2003,3154,1859,392,903,,,6308
28/11/2003,3095,1824,383,888,,,6190
5/12/2003,2984,1756,371,857,,,5968
12/12/2003,2850,1678,360,812,,,5700
19/12/2003,2699,1584,343,772,,,5398
26/12/2003,2619,1529,338,752,,,5238
2/1/2004,2567,1495,319,753,,,5134
9/1/2004,2414,1412,293,709,,,4828
16/1/2004,2258,1297,278,683,,,4516
23/1/2004,2063,1163,267,633,,,4126
30/1/2004,1827,1009,243,575,,,3654
6/2/2004,1603,880,211,512,,,3206
13/2/2004,1431,788,187,456,,,2862
20/2/2004,1267,689,172,406,,,2534
27/2/2004,1171,630,162,379,,,2342
5/3/2004,1143,619,148,376,,,2286
12/3/2004,1097,575,151,371,,,2194
19/3/2004,1032,507,153,372,,,2064
26/3/2004,1014,474,160,380,,,2028
2/4/2004,1034,477,162,395,,,2068
9/4/2004,1049,473,165,411,,,2098
16/4/2004,1077,483,171,423,,,2154
23/4/2004,1155,531,175,449,,,2310
30/4/2004,1227,569,183,475,,,2454
7/5/2004,1303,613,194,496,,,2606
14/5/2004,1388,666,205,517,,,2776
21/5/2004,1477,721,217,539,,,2954
28/5/2004,1564,772,232,560,,,3128
4/6/2004,1666,839,245,582,,,3332
11/6/2004,1760,899,259,602,,,3520
18/6/2004,1845,957,269,619,,,3690
25/6/2004,1938,1019,282,637,,,3876
2/7/2004,2047,1085,296,666,,,4094
9/7/2004,2155,1154,309,692,,,4310
16/7/2004,2227,1211,314,702,,,4454
23/7/2004,2297,1266,316,715,,,4594
30/7/2004,2380,1326,320,734,,,4760
6/8/2004,2452,1378,328,746,,,4904
13/8/2004,2530,1431,334,765,,,5060
20/8/2004,2614,1489,342,783,,,5228
27/8/2004,2695,1539,354,802,,,5390
3/9/2004,2775,1589,362,824,,,5550
10/9/2004,2874,1653,374,847,,,5748
17/9/2004,2942,1704,383,855,,,5884
24/9/2004,3011,1752,392,867,,,6022
1/10/2004,3092,1807,403,882,,,6184
8/10/2004,3159,1843,411,905,,,6318
15/10/2004,3223,1880,418,925,,,6446
22/10/2004,3249,1894,422,933,,,6498
29/10/2004,3293,1921,423,949,,,6586
5/11/2004,3327,1939,423,965,,,6654
12/11/2004,3321,1928,425,968,,,6642
19/11/2004,3304,1915,425,964,,,6608
26/11/2004,3299,1910,423,966,,,6598
3/12/2004,3211,1867,402,942,,,6422
10/12/2004,3150,1829,391,930,,,6300
17/12/2004,3027,1748,387,892,,,6054
24/12/2004,2849,1635,372,842,,,5698
31/12/2004,2698,1536,360,802,,,5396
7/1/2005,2610,1494,333,783,,,5220
14/1/2005,2500,1438,307,755,,,5000
21/1/2005,2270,1290,288,692,,,4540
28/1/2005,2083,1155,279,649,,,4166
4/2/2005,1906,1043,264,599,,,3812
11/2/2005,1808,984,248,576,,,3616
18/2/2005,1720,921,235,564,,,3440
25/2/2005,1613,838,224,551,,,3226
4/3/2005,1474,737,214,523,,,2948
11/3/2005,1379,659,213,507,,,2758
18/3/2005,1290,592,211,487,,,2580
25/3/2005,1239,548,205,486,,,2478
1/4/2005,1249,546,206,497,,,2498
8/4/2005,1293,562,210,521,,,2586
15/4/2005,1343,591,214,538,,,2686
22/4/2005,1416,636,222,558,,,2832
29/4/2005,1455,657,227,571,,,2910
6/5/2005,1509,685,237,587,,,3018
13/5/2005,1599,739,250,610,,,3198
20/5/2005,1692,799,264,629,,,3384
27/5/2005,1778,858,275,645,,,3556
3/6/2005,1883,927,289,667,,,3766
10/6/2005,1956,976,301,679,,,3912
17/6/2005,2036,1031,315,690,,,4072
24/6/2005,2133,1098,327,709,,,4267
1/7/2005,2199,1144,342,713,,,4398
8/7/2005,2291,1205,357,729,,,4582
15/7/2005,2344,1250,364,731,,,4689
22/7/2005,2383,1288,365,730,,,4766
29/7/2005,2420,1326,367,727,,,4840
5/8/2005,2463,1365,368,730,,,4926
12/8/2005,2515,1406,372,737,,,5030
19/8/2005,2575,1452,377,746,,,5150
26/8/2005,2633,1503,379,751,,,5266
2/9/2005,2669,1543,381,745,,,5338
9/9/2005,2758,1601,390,767,,,5516
16/9/2005,2832,1651,398,783,,,5664
23/9/2005,2885,1698,404,783,,,5770
30/9/2005,2929,1733,409,787,,,5858
7/10/2005,2987,1774,417,796,,,5974
14/10/2005,3062,1819,423,820,,,6124
21/10/2005,3139,1868,432,839,,,6278
28/10/2005,3168,1882,436,850,,,6336
4/11/2005,3229,1918,439,872,,,6458
11/11/2005,3282,1946,443,893,,,6564
18/11/2005,3274,1937,440,897,,,6548
25/11/2005,3225,1896,439,890,,,6450
2/12/2005,3166,1862,426,878,,,6332
9/12/2005,2964,1744,397,823,,,5928
16/12/2005,2802,1645,377,780,,,5604
23/12/2005,2640,1539,364,737,,,5280
30/12/2005,2641,1520,372,749,,,5282
6/1/2006,2621,1491,370,760,,,5242
13/1/2006,2575,1460,363,752,,,5150
20/1/2006,2494,1404,351,739,,,4988
27/1/2006,2406,1349,335,722,,,4812
3/2/2006,2368,1319,325,724,,,4736
10/2/2006,2266,1249,314,703,,,4532
17/2/2006,2143,1174,299,670,,,4286
24/2/2006,1972,1078,271,623,,,3944
3/3/2006,1887,1001,262,624,,,3774
10/3/2006,1832,951,252,629,,,3664
17/3/2006,1809,934,239,636,,,3618
24/3/2006,1705,861,229,615,,,3410
31/3/2006,1695,846,231,618,,,3390
7/4/2006,1714,855,233,626,,,3428
14/4/2006,1771,881,240,650,,,3542
21/4/2006,1851,930,247,674,,,3702
28/4/2006,1904,959,255,690,,,3808
5/5/2006,1989,1008,267,714,,,3978
12/5/2006,2080,1068,279,733,,,4160
19/5/2006,2163,1119,291,753,,,4326
26/5/2006,2243,1169,306,768,,,4486
2/6/2006,2320,1213,321,786,,,4640
9/6/2006,2397,1268,334,795,,,4794
16/6/2006,2476,1317,347,812,,,4952
23/6/2006,2542,1359,356,827,,,5084
30/6/2006,2615,1409,362,844,,,5230
7/7/2006,2704,1464,376,864,,,5408
14/7/2006,2763,1509,384,870,,,5526
21/7/2006,2756,1525,381,850,,,5512
28/7/2006,2775,1555,373,847,,,5550
4/8/2006,2763,1554,380,829,,,5526
11/8/2006,2800,1591,384,825,,,5600
18/8/2006,2857,1639,391,827,,,5714
25/8/2006,2905,1673,398,834,,,5810
1/9/2006,2976,1716,407,853,,,5952
8/9/2006,3084,1781,417,886,,,6168
15/9/2006,3177,1835,427,915,,,6354
22/9/2006,3254,1874,438,942,,,6508
29/9/2006,3327,1914,448,965,,,6654
6/10/2006,3389,1951,459,979,,,6778
13/10/2006,3442,1981,464,997,,,6884
20/10/2006,3461,1990,467,1004,,,6922
27/10/2006,3452,1976,468,1008,,,6904
3/11/2006,3445,1966,469,1010,,,6890
10/11/2006,3450,1962,473,1015,,,6900
17/11/2006,3449,1964,470,1015,,,6898
24/11/2006,3417,1936,471,1010,,,6834
1/12/2006,3406,1946,450,1010,,,6812
8/12/2006,3238,1853,430,955,,,6476
15/12/2006,3167,1801,425,941,,,6334
22/12/2006,3121,1773,401,947,,,6242
29/12/2006,3074,1740,392,942,101,841,7090
5/1/2007,3025,1712,380,933,109,823,6982
12/1/2007,2936,1660,363,913,107,806,6785
19/1/2007,2757,1585,320,852,96,755,6365
26/1/2007,2571,1465,299,807,91,716,5949
2/2/2007,2347,1326,277,744,78,666,5438
9/2/2007,2088,1147,265,676,63,613,4852
16/2/2007,1865,996,253,616,52,564,4346
23/2/2007,1733,898,243,592,54,538,4058
2/3/2007,1631,820,225,586,59,527,3848
9/3/2007,1516,728,224,564,58,506,3596
16/3/2007,1533,718,231,584,64,519,3649
23/3/2007,1511,677,237,597,70,528,3620
30/3/2007,1569,702,238,629,78,550,3766
6/4/2007,1592,706,244,642,81,560,3825
13/4/2007,1546,663,247,636,80,556,3728
20/4/2007,1564,664,253,647,80,568,3776
27/4/2007,1651,716,263,672,83,590,3975
4/5/2007,1747,777,275,695,85,610,4189
11/5/2007,1842,838,287,717,88,629,4401
18/5/2007,1946,905,301,740,92,648,4632
25/5/2007,2053,970,315,768,97,670,4873
1/6/2007,2163,1036,331,796,100,696,5122
8/6/2007,2255,1097,342,816,101,714,5325
15/6/2007,2344,1157,355,832,102,730,5520
22/6/2007,2443,1224,366,853,102,751,5739
29/6/2007,2521,1278,376,867,102,765,5909
6/7/2007,2627,1348,383,896,105,791,6150
13/7/2007,2692,1396,393,903,104,799,6287
20/7/2007,2763,1455,396,912,106,806,6438
27/7/2007,2840,1511,401,928,109,818,6607
3/8/2007,2882,1544,406,932,109,823,6696
10/8/2007,2903,1573,411,919,98,821,6725
17/8/2007,2926,1613,409,904,92,812,6756
24/8/2007,2969,1657,410,902,91,811,6840
31/8/2007,3005,1696,406,903,92,811,6913
7/9/2007,3069,1746,408,915,93,822,7053
14/9/2007,3132,1787,414,931,84,847,7195
21/9/2007,3206,1831,424,951,89,862,7363
28/9/2007,3263,1864,434,965,98,868,7492
5/10/2007,3336,1907,441,988,101,887,7660
12/10/2007,3375,1932,446,997,101,896,7747
19/10/2007,3443,1970,453,1020,105,915,7906
26/10/2007,3509,2004,459,1046,114,932,8064
2/11/2007,3545,2017,465,1063,119,945,8154
9/11/2007,3536,2002,471,1063,119,945,8136
16/11/2007,3540,1991,478,1071,119,952,8151
23/11/2007,3528,1977,477,1074,120,955,8131
30/11/2007,3440,1932,463,1045,112,932,7924
7/12/2007,3294,1831,453,1010,104,905,7597
14/12/2007,3173,1757,431,985,104,881,7331
21/12/2007,3008,1657,413,938,99,840,6955
28/12/2007,2921,1604,395,922,103,819,6764
4/1/2008,2750,1511,375,864,91,773,6364
11/1/2008,2691,1482,351,858,99,758,6239
18/1/2008,2536,1402,325,809,93,716,5881
25/1/2008,2262,1257,285,720,70,649,5243
1/2/2008,2062,1138,254,670,67,603,4794
8/2/2008,1942,1072,227,643,72,571,4527
15/2/2008,1770,952,212,606,72,534,4146
22/2/2008,1619,852,196,571,71,500,3809
29/2/2008,1484,760,189,535,69,466,3503
7/3/2008,1398,706,180,512,68,444,3308
14/3/2008,1313,640,183,490,66,424,3116
21/3/2008,1277,607,176,494,71,423,3048
28/3/2008,1248,575,175,498,74,424,2994
4/4/2008,1234,563,173,498,74,424,2966
11/4/2008,1261,582,176,503,75,428,3025
18/4/2008,1285,598,181,506,77,430,3077
25/4/2008,1371,652,188,531,83,448,3273
2/5/2008,1436,690,197,549,86,463,3421
9/5/2008,1529,743,210,576,92,485,3635
16/5/2008,1614,797,222,595,94,501,3823
23/5/2008,1701,845,234,622,96,528,4026
30/5/2008,1806,905,251,650,97,553,4262
6/6/2008,1886,959,267,660,97,562,4431
13/6/2008,1943,997,279,667,97,569,4552
20/6/2008,2033,1059,289,685,102,583,4751
27/6/2008,2118,1116,299,703,107,596,4939
4/7/2008,2208,1177,314,717,109,609,5134
11/7/2008,2312,1245,325,742,116,627,5367
18/7/2008,2396,1308,336,752,115,636,5543
25/7/2008,2461,1363,346,752,111,641,5674
1/8/2008,2517,1418,354,745,106,639,5779
8/8/2008,2567,1473,358,736,101,635,5870
15/8/2008,2655,1540,363,752,104,647,6061
22/8/2008,2757,1609,371,777,108,669,6291
29/8/2008,2847,1676,378,793,109,684,6487
5/9/2008,2905,1723,387,795,101,694,6605
12/9/2008,2972,1771,399,802,97,705,6746
19/9/2008,3023,1804,411,808,86,722,6854
26/9/2008,3110,1855,423,832,88,744,7052
3/10/2008,3198,1899,432,867,98,768,7262
10/10/2008,3277,1945,440,892,102,790,7446
17/10/2008,3347,1985,444,918,107,811,7612
24/10/2008,3393,2004,451,938,113,825,7724
31/10/2008,3412,2010,463,939,110,829,7763
7/11/2008,3472,2041,468,963,117,846,7907
14/11/2008,3488,2041,473,974,123,852,7951
21/11/2008,3422,1990,467,965,121,844,7809
28/11/2008,3358,1929,466,963,120,843,7679
5/12/2008,3291,1871,465,955,120,834,7536
12/12/2008,3167,1780,454,933,114,819,7267
19/12/2008,3020,1689,422,909,110,799,6949
26/12/2008,2877,1589,400,888,108,780,6642
2/1/2009,2830,1540,388,902,118,784,6562
9/1/2009,2736,1468,369,899,121,778,6371
16/1/2009,2560,1343,361,856,110,747,5977
23/1/2009,2374,1212,354,808,86,722,5556
30/1/2009,2179,1087,334,758,78,680,5116
6/2/2009,2020,972,327,721,65,656,4761
13/2/2009,1996,947,312,737,70,667,4729
20/2/2009,1895,876,296,723,71,652,4513
27/2/2009,1793,793,292,708,75,632,4293
6/3/2009,1681,703,288,690,73,618,4053
13/3/2009,1651,677,276,698,77,622,4001
20/3/2009,1654,664,281,709,83,627,4018
27/3/2009,1654,641,282,731,91,640,4039
3/4/2009,1674,647,283,744,99,645,4092
10/4/2009,1695,651,288,756,105,650,4145
17/4/2009,1741,668,294,779,114,664,4260
24/4/2009,1823,710,308,805,122,683,4451
1/5/2009,1911,768,319,824,126,698,4646
8/5/2009,2005,827,332,846,131,715,4856
15/5/2009,2107,892,345,870,135,735,5084
22/5/2009,2213,953,360,900,147,754,5327
29/5/2009,2337,1024,379,934,156,778,5608
5/6/2009,2443,1091,395,957,160,797,5843
12/6/2009,2557,1164,408,985,169,816,6099
19/6/2009,2651,1234,420,997,168,828,6298
26/6/2009,2721,1289,431,1001,164,836,6442
3/7/2009,2796,1349,434,1013,165,848,6605
10/7/2009,2886,1411,443,1032,172,861,6805
17/7/2009,2952,1467,442,1043,171,871,6946
24/7/2009,3023,1523,441,1059,175,884,7105
31/7/2009,3089,1579,442,1068,175,893,7246
7/8/2009,3152,1635,444,1073,175,898,7377
14/8/2009,3204,1681,449,1074,172,902,7482
21/8/2009,3258,1724,455,1079,170,909,7595
28/8/2009,3323,1776,461,1086,169,917,7732
4/9/2009,3392,1831,462,1099,174,926,7884
11/9/2009,3458,1876,472,1110,174,936,8026
18/9/2009,3525,1917,482,1126,179,947,8176
25/9/2009,3589,1955,489,1145,183,962,8323
2/10/2009,3658,1992,497,1169,191,978,8485
9/10/2009,3716,2030,504,1182,195,988,8615
16/10/2009,3734,2041,506,1187,195,992,8655
23/10/2009,3759,2058,513,1188,194,994,8706
30/10/2009,3788,2085,514,1189,194,995,8765
6/11/2009,3813,2093,521,1199,197,1002,8825
13/11/2009,3833,2101,524,1208,201,1007,8874
20/11/2009,3835,2099,525,1211,203,1008,8881
27/11/2009,3837,2092,526,1219,207,1011,8892
4/12/2009,3773,2061,517,1195,202,993,8741
11/12/2009,3566,1968,478,1120,176,944,8252
18/12/2009,3400,1869,464,1067,162,905,7867
25/12/2009,3276,1779,453,1044,162,882,7596
1/1/2010,3118,1678,434,1006,159,846,7241
8/1/2010,2852,1532,414,906,123,782,6609
15/1/2010,2607,1401,396,810,91,719,6024
22/1/2010,2521,1334,380,807,102,705,5849
29/1/2010,2406,1251,359,796,108,688,5608
5/2/2010,2215,1135,344,736,95,641,5166
12/2/2010,2025,1030,322,673,85,589,4724
19/2/2010,1853,935,311,607,71,536,4313
26/2/2010,1737,861,296,580,70,510,4054
5/3/2010,1626,789,289,548,63,485,3800
12/3/2010,1615,770,283,562,71,491,3792
19/3/2010,1626,760,285,581,80,501,3833
26/3/2010,1638,753,289,596,89,507,3872
2/4/2010,1669,750,292,627,101,526,3965
9/4/2010,1756,795,296,665,112,552,4176
16/4/2010,1829,829,304,696,120,576,4354
23/4/2010,1912,867,318,727,126,601,4551
30/4/2010,1995,905,330,760,133,627,4750
7/5/2010,2089,958,344,787,138,650,4966
14/5/2010,2165,992,359,814,144,670,5144
21/5/2010,2269,1047,377,845,149,696,5383
28/5/2010,2357,1095,394,868,151,717,5582
4/6/2010,2456,1148,412,896,158,738,5808
11/6/2010,2543,1200,424,919,160,757,6003
18/6/2010,2624,1251,438,935,161,773,6182
25/6/2010,2684,1293,448,943,158,785,6311
2/7/2010,2762,1341,459,962,160,802,6486
9/7/2010,2840,1384,470,986,168,819,6667
16/7/2010,2891,1425,474,992,163,828,6773
23/7/2010,2919,1459,473,987,157,830,6825
30/7/2010,2948,1493,476,979,148,831,6875
6/8/2010,2985,1536,479,970,144,827,6941
13/8/2010,3012,1576,482,954,136,818,6978
20/8/2010,3052,1624,479,949,131,819,7054
27/8/2010,3106,1677,473,956,133,823,7168
3/9/2010,3164,1712,478,974,136,837,7301
10/9/2010,3267,1766,491,1010,150,861,7545
17/9/2010,3340,1819,492,1029,150,880,7710
24/9/2010,3414,1867,497,1050,153,896,7877
1/10/2010,3499,1920,497,1082,162,921,8081
8/10/2010,3590,1963,503,1124,168,956,8304
15/10/2010,3683,2014,508,1161,182,979,8527
22/10/2010,3754,2048,514,1192,189,1002,8699
29/10/2010,3821,2087,516,1218,193,1025,8860
5/11/2010,3840,2087,520,1233,199,1035,8914
12/11/2010,3835,2079,518,1238,207,1029,8906
19/11/2010,3828,2069,519,1240,211,1028,8895
26/11/2010,3805,2053,498,1254,218,1036,8864
3/12/2010,3716,2002,477,1237,215,1022,8669
10/12/2010,3552,1891,467,1194,205,989,8298
17/12/2010,3368,1774,456,1138,186,953,7875
24/12/2010,3232,1671,444,1117,182,935,7581
31/12/2010,3097,1590,428,1079,175,904,7273
7/1/2011,2959,1510,390,1059,183,875,6976
14/1/2011,2716,1384,364,968,158,809,6399
21/1/2011,2542,1280,350,912,153,758,5995
28/1/2011,2353,1165,332,856,142,714,5562
4/2/2011,2144,1055,300,789,123,666,5077
11/2/2011,1911,937,276,698,90,608,4520
18/2/2011,1830,880,263,687,90,597,4347
25/2/2011,1745,809,240,696,100,596,4186
4/3/2011,1674,748,223,703,106,597,4051
11/3/2011,1618,697,221,700,111,588,3935
18/3/2011,1612,675,222,715,121,594,3939
25/3/2011,1624,668,216,740,131,608,3987
1/4/2011,1579,616,221,742,138,603,3899
8/4/2011,1607,623,221,763,143,620,3977
15/4/2011,1654,652,222,780,143,637,4088
22/4/2011,1685,666,226,793,144,648,4162
29/4/2011,1757,707,233,817,149,667,4330
6/5/2011,1827,748,240,839,155,684,4493
13/5/2011,1919,804,251,864,161,703,4702
20/5/2011,2024,860,262,902,175,727,4950
27/5/2011,2107,911,276,920,177,744,5135
3/6/2011,2187,960,289,938,179,758,5311
10/6/2011,2256,1008,304,944,180,764,5456
17/6/2011,2354,1072,322,960,184,777,5669
24/6/2011,2432,1127,335,970,182,788,5834
1/7/2011,2527,1189,351,987,184,802,6040
8/7/2011,2611,1248,362,1001,185,815,6222
15/7/2011,2671,1298,378,995,176,819,6337
22/7/2011,2714,1338,389,987,167,820,6415
29/7/2011,2758,1380,396,982,160,822,6498
5/8/2011,2783,1418,404,961,151,811,6528
12/8/2011,2833,1466,414,953,142,811,6619
19/8/2011,2906,1524,422,960,143,818,6773
26/8/2011,2961,1578,426,957,139,818,6879
2/9/2011,3025,1636,430,959,139,820,7009
9/9/2011,3112,1695,436,981,144,836,7204
16/9/2011,3201,1753,445,1003,153,850,7405
23/9/2011,3312,1820,456,1036,166,870,7660
30/9/2011,3409,1881,468,1060,170,890,7878
7/10/2011,3521,1935,482,1104,188,916,8146
14/10/2011,3624,1993,491,1140,206,935,8389
21/10/2011,3716,2037,498,1181,226,955,8613
28/10/2011,3794,2069,505,1220,244,976,8808
4/11/2011,3831,2085,511,1235,253,982,8897
11/11/2011,3843,2091,510,1242,263,980,8929
18/11/2011,3852,2091,514,1247,268,980,8952
25/11/2011,3851,2074,516,1261,276,985,8963
2/12/2011,3831,2058,517,1256,281,975,8918
9/12/2011,3729,2008,493,1228,276,953,8687
16/12/2011,3629,1945,470,1214,274,939,8471
23/12/2011,3548,1892,451,1205,275,930,8301
30/12/2011,3472,1830,447,1195,279,916,8139
6/1/2012,3377,1754,444,1179,274,904,7932
13/1/2012,3290,1693,433,1164,276,888,7744
20/1/2012,3098,1571,406,1121,260,861,7317
27/1/2012,2966,1471,396,1099,254,846,7032
3/2/2012,2888,1412,388,1088,250,838,6864
10/2/2012,2761,1329,381,1051,240,811,6573
17/2/2012,2595,1232,370,993,217,776,6183
24/2/2012,2513,1174,365,974,214,760,6000
2/3/2012,2433,1114,352,967,216,751,5833
9/3/2012,2369,1059,345,965,223,743,5704
16/3/2012,2380,1049,346,985,232,752,5744
23/3/2012,2430,1073,344,1013,247,766,5873
30/3/2012,2472,1084,349,1039,260,780,5984
6/4/2012,2478,1090,353,1035,258,776,5990
13/4/2012,2501,1103,358,1040,259,782,6043
20/4/2012,2548,1145,362,1041,254,787,6137
27/4/2012,2576,1165,371,1040,249,791,6192
4/5/2012,2606,1189,379,1038,241,797,6250
11/5/2012,2667,1236,386,1045,238,807,6379
18/5/2012,2744,1281,399,1064,257,807,6552
25/5/2012,2815,1325,410,1080,261,819,6710
1/6/2012,2877,1363,423,1091,260,831,6845
8/6/2012,2944,1406,436,1102,261,841,6990
15/6/2012,3006,1443,447,1116,265,851,7128
22/6/2012,3063,1477,456,1130,267,862,7255
29/6/2012,3102,1512,471,1119,258,860,7322
6/7/2012,3135,1532,484,1119,251,868,7389
13/7/2012,3163,1555,488,1120,247,873,7446
20/7/2012,3189,1575,495,1119,242,877,7497
27/7/2012,3217,1605,499,1113,234,880,7548
3/8/2012,3241,1635,498,1108,226,881,7589
10/8/2012,3261,1664,493,1104,220,883,7625
17/8/2012,3308,1712,488,1108,218,890,7724
24/8/2012,3374,1759,491,1124,227,897,7872
31/8/2012,3402,1793,492,1117,221,897,7922
7/9/2012,3429,1831,494,1104,207,897,7962
14/9/2012,3496,1875,497,1124,217,907,8116
21/9/2012,3576,1921,502,1153,232,921,8305
28/9/2012,3653,1963,510,1180,245,935,8486
5/10/2012,3725,2005,513,1207,260,947,8657
12/10/2012,3776,2029,521,1226,271,955,8778
19/10/2012,3843,2057,532,1254,286,968,8940
26/10/2012,3908,2091,540,1277,300,978,9094
2/11/2012,3929,2096,548,1285,307,977,9142
9/11/2012,3911,2073,551,1287,310,977,9109
16/11/2012,3873,2054,544,1275,311,964,9021
23/11/2012,3877,2042,548,1287,317,970,9041
30/11/2012,3804,1986,545,1273,316,957,8881
7/12/2012,3806,1974,547,1285,320,966,8898
14/12/2012,3724,1925,538,1261,312,949,8709
21/12/2012,3652,1883,520,1249,310,939,8553
28/12/2012,3517,1799,505,1213,302,911,8247
4/1/2013,3316,1686,478,1152,283,870,7785
11/1/2013,3168,1600,455,1113,275,837,7448
18/1/2013,2996,1520,416,1060,260,800,7052
25/1/2013,2802,1391,398,1013,244,769,6617
1/2/2013,2684,1303,388,993,240,753,6361
8/2/2013,2527,1187,380,960,234,726,6014
15/2/2013,2400,1108,367,925,225,699,5724
22/2/2013,2229,999,355,875,208,667,5333
1/3/2013,2083,922,344,817,190,627,4983
8/3/2013,1938,830,339,769,175,594,4645
15/3/2013,1876,783,339,754,180,574,4506
22/3/2013,1781,710,334,737,178,558,4298
29/3/2013,1687,662,330,695,166,529,4069
5/4/2013,1673,646,337,690,168,522,4036
12/4/2013,1704,665,336,703,179,524,4111
19/4/2013,1734,686,334,714,187,526,4181
26/4/2013,1777,704,339,734,198,536,4288
3/5/2013,1865,756,344,765,212,553,4495
10/5/2013,1964,811,357,796,228,569,4725
17/5/2013,2053,857,368,828,239,589,4934
24/5/2013,2141,910,380,851,243,608,5133
31/5/2013,2252,968,396,888,254,634,5392
7/6/2013,2347,1025,409,913,259,654,5607
14/6/2013,2438,1085,420,933,261,673,5810
21/6/2013,2533,1143,433,957,263,694,6023
28/6/2013,2605,1191,443,971,265,706,6181
5/7/2013,2687,1244,445,998,274,724,6372
12/7/2013,2745,1281,451,1013,275,739,6504
19/7/2013,2786,1306,455,1025,274,751,6597
26/7/2013,2845,1350,461,1034,267,768,6725
2/8/2013,2941,1408,484,1049,265,784,6931
9/8/2013,3006,1459,494,1053,261,792,7065
16/8/2013,3063,1506,500,1057,258,799,7183
23/8/2013,3130,1555,502,1073,260,813,7333
30/8/2013,3188,1598,505,1085,261,824,7461
6/9/2013,3253,1647,507,1099,262,836,7604
13/9/2013,3299,1688,511,1100,259,841,7698
20/9/2013,3386,1742,519,1125,267,859,7898
27/9/2013,3487,1800,529,1158,278,879,8131
4/10/2013,3577,1851,538,1188,287,901,8342
11/10/2013,3654,1897,545,1212,294,918,8520
18/10/2013,3741,1947,549,1245,311,933,8726
25/10/2013,3779,1964,552,1263,318,945,8821
1/11/2013,3814,1974,555,1285,325,960,8913
8/11/2013,3834,1984,553,1297,332,965,8965
15/11/2013,3789,1953,552,1284,327,957,8862
22/11/2013,3776,1939,546,1291,331,960,8843
29/11/2013,3614,1861,530,1223,303,920,8451
6/12/2013,3533,1815,504,1214,309,905,8280
13/12/2013,3248,1683,450,1115,277,839,7612
20/12/2013,3071,1568,429,1074,263,811,7216
27/12/2013,2974,1501,412,1061,269,792,7009
3/1/2014,2817,1403,395,1019,259,759,6652
10/1/2014,2530,1254,364,912,211,701,5972
17/1/2014,2423,1187,349,887,213,674,5733
24/1/2014,2185,1063,327,795,178,617,5165
31/1/2014,1923,920,301,702,137,565,4548
7/2/2014,1693,814,259,620,109,510,4005
14/2/2014,1443,685,229,529,77,452,3415
21/2/2014,1348,607,217,524,96,428,3220
28/2/2014,1196,525,190,481,88,393,2873
7/3/2014,1001,430,169,402,54,348,2404
14/3/2014,953,395,167,391,62,329,2297
21/3/2014,896,356,164,376,65,311,2168
28/3/2014,822,310,160,352,60,293,1997
4/4/2014,826,305,160,361,68,293,2013
11/4/2014,850,311,168,371,76,295,2071
18/4/2014,899,328,178,393,89,304,2191
25/4/2014,981,362,191,428,104,324,2390
2/5/2014,1055,397,203,455,113,342,2565
9/5/2014,1160,457,219,484,126,358,2804
16/5/2014,1266,522,231,513,140,373,3045
23/5/2014,1380,586,250,544,152,391,3303
30/5/2014,1499,655,269,575,163,412,3573
6/6/2014,1606,720,282,604,172,433,3817
13/6/2014,1719,790,298,631,177,455,4070
20/6/2014,1829,858,315,656,185,472,4315
27/6/2014,1929,923,331,675,188,486,4532
4/7/2014,2022,979,345,698,194,505,4743
11/7/2014,2129,1044,358,727,201,525,4984
18/7/2014,2219,1100,369,750,207,543,5188
25/7/2014,2307,1157,381,769,210,559,5383
1/8/2014,2389,1219,387,783,212,570,5560
8/8/2014,2467,1277,398,792,213,580,5727
15/8/2014,2555,1342,407,806,214,592,5916
22/8/2014,2630,1403,416,811,210,601,6071
29/8/2014,2709,1462,426,821,211,610,6239
5/9/2014,2801,1522,438,841,216,624,6442
12/9/2014,2891,1580,445,866,222,644,6648
19/9/2014,2988,1646,445,897,234,664,6874
26/9/2014,3100,1714,453,933,248,685,7133
3/10/2014,3205,1776,464,965,260,705,7375
10/10/2014,3299,1825,474,1000,272,728,7598
17/10/2014,3393,1872,482,1039,285,754,7825
24/10/2014,3480,1913,490,1077,298,778,8036
31/10/2014,3571,1956,498,1117,314,803,8259
7/11/2014,3611,1964,502,1145,327,818,8367
14/11/2014,3594,1953,495,1146,329,817,8334
21/11/2014,3432,1864,477,1091,306,785,7955
28/11/2014,3410,1830,478,1102,314,788,7922
5/12/2014,3359,1780,470,1109,323,787,7828
12/12/2014,3295,1725,471,1099,325,774,7689
19/12/2014,3246,1689,461,1096,327,769,7588
26/12/2014,3220,1660,461,1099,330,768,7538
2/1/2015,3089,1595,428,1066,324,742,7244
9/1/2015,2853,1468,400,985,291,694,6691
16/1/2015,2637,1350,384,903,260,643,6177
23/1/2015,2543,1281,375,887,257,630,5973
30/1/2015,2428,1194,371,863,247,616,5719
6/2/2015,2268,1081,371,816,231,585,5352
13/2/2015,2157,984,375,798,222,576,5112
20/2/2015,1938,843,371,724,181,542,4599
27/2/2015,1710,722,355,633,136,496,4052
6/3/2015,1512,618,339,555,108,447,3579
13/3/2015,1467,581,338,548,108,440,3482
20/3/2015,1479,559,344,576,121,455,3534
27/3/2015,1461,522,348,591,132,459,3513
3/4/2015,1476,504,355,617,146,471,3569
10/4/2015,1539,519,353,667,171,495,3744
17/4/2015,1629,560,357,712,191,520,3969
24/4/2015,1710,597,361,752,209,543,4172
1/5/2015,1786,628,368,790,223,567,4362
8/5/2015,1897,687,376,834,243,591,4628
15/5/2015,1989,742,382,865,251,614,4843
22/5/2015,2101,806,395,900,261,638,5101
29/5/2015,2233,879,409,945,277,668,5411
5/6/2015,2344,941,422,981,291,690,5669
12/6/2015,2433,1000,430,1003,295,708,5869
19/6/2015,2508,1053,437,1018,295,722,6033
26/6/2015,2577,1109,441,1027,292,735,6181
3/7/2015,2668,1178,440,1050,297,753,6386
10/7/2015,2767,1235,450,1082,305,777,6616
17/7/2015,2828,1276,458,1094,304,790,6750
24/7/2015,2880,1318,464,1098,300,797,6857
31/7/2015,2912,1354,466,1092,292,800,6916
7/8/2015,2977,1407,471,1099,291,808,7053
14/8/2015,3030,1457,475,1098,286,812,7158
21/8/2015,3099,1510,479,1110,287,823,7308
28/8/2015,3193,1581,482,1130,290,840,7516
4/9/2015,3261,1630,487,1144,293,851,7666
11/9/2015,3334,1680,489,1165,298,867,7833
18/9/2015,3440,1742,496,1202,312,890,8082
25/9/2015,3538,1804,502,1232,321,911,8308
2/10/2015,3633,1861,510,1262,331,932,8529
9/10/2015,3733,1912,521,1300,346,954,8766
16/10/2015,3814,1961,524,1329,357,972,8957
23/10/2015,3877,1994,531,1352,366,986,9106
30/10/2015,3929,2026,535,1368,371,997,9226
6/11/2015,3978,2057,538,1383,373,1010,9339
